-- ============================================================
--  SkyScan Database Seed Script
--  Target: SQL Server  |  Date: 2026-05-01
--  Covers: Countries, Cities, Airports, Airlines, Airplanes,
--          Flights (2026-05-02), Tickets (Economy), Users
-- ============================================================

SET NOCOUNT ON;
BEGIN TRANSACTION;

-- ============================================================
-- 1. COUNTRIES  (PK = CountryCode nvarchar(2))
-- ============================================================
INSERT INTO Countries (CountryCode, Name, Continent) VALUES
('US', 'United States',   'NA'),
('GB', 'United Kingdom',  'EU'),
('AE', 'United Arab Emirates', 'AS'),
('DE', 'Germany',         'EU'),
('EG', 'Egypt',           'AF');

-- ============================================================
-- 2. CITIES  (PK = CityId uniqueidentifier, FK = CountryCode)
-- ============================================================
INSERT INTO Cities (CityId, Name, CountryCode) VALUES
('A1000001-0000-0000-0000-000000000001', 'New York',     'US'),
('A1000001-0000-0000-0000-000000000002', 'Los Angeles',  'US'),
('A1000001-0000-0000-0000-000000000003', 'London',       'GB'),
('A1000001-0000-0000-0000-000000000004', 'Manchester',   'GB'),
('A1000001-0000-0000-0000-000000000005', 'Dubai',        'AE'),
('A1000001-0000-0000-0000-000000000006', 'Abu Dhabi',    'AE'),
('A1000001-0000-0000-0000-000000000007', 'Berlin',       'DE'),
('A1000001-0000-0000-0000-000000000008', 'Frankfurt',    'DE'),
('A1000001-0000-0000-0000-000000000009', 'Cairo',        'EG'),
('A1000001-0000-0000-0000-000000000010', 'Alexandria',   'EG');

-- ============================================================
-- 3. AIRPORTS  (PK = AirportId, FK = CityId)
-- ============================================================
INSERT INTO Airports (AirportId, Name, Code, IataCode, IcaoCode, Type, Latitude, Longitude, ElevationFt, CityId) VALUES
('B2000001-0000-0000-0000-000000000001', 'John F. Kennedy International Airport', 'JFK', 'JFK', 'KJFK', 'large_airport',  40.6413,  -73.7781, 13,  'A1000001-0000-0000-0000-000000000001'),
('B2000001-0000-0000-0000-000000000002', 'Los Angeles International Airport',     'LAX', 'LAX', 'KLAX', 'large_airport',  33.9425, -118.4081, 125, 'A1000001-0000-0000-0000-000000000002'),
('B2000001-0000-0000-0000-000000000003', 'Heathrow Airport',                      'LHR', 'LHR', 'EGLL', 'large_airport',  51.4700,   -0.4543, 83,  'A1000001-0000-0000-0000-000000000003'),
('B2000001-0000-0000-0000-000000000004', 'Manchester Airport',                    'MAN', 'MAN', 'EGCC', 'large_airport',  53.3537,   -2.2750, 257, 'A1000001-0000-0000-0000-000000000004'),
('B2000001-0000-0000-0000-000000000005', 'Dubai International Airport',           'DXB', 'DXB', 'OMDB', 'large_airport',  25.2532,   55.3657, 62,  'A1000001-0000-0000-0000-000000000005'),
('B2000001-0000-0000-0000-000000000006', 'Abu Dhabi International Airport',       'AUH', 'AUH', 'OMAA', 'large_airport',  24.4330,   54.6511, 88,  'A1000001-0000-0000-0000-000000000006'),
('B2000001-0000-0000-0000-000000000007', 'Berlin Brandenburg Airport',            'BER', 'BER', 'EDDB', 'large_airport',  52.3667,   13.5033, 151, 'A1000001-0000-0000-0000-000000000007'),
('B2000001-0000-0000-0000-000000000008', 'Frankfurt Airport',                     'FRA', 'FRA', 'EDDF', 'large_airport',  50.0379,    8.5622, 364, 'A1000001-0000-0000-0000-000000000008'),
('B2000001-0000-0000-0000-000000000009', 'Cairo International Airport',           'CAI', 'CAI', 'HECA', 'large_airport',  30.1219,   31.4056, 382, 'A1000001-0000-0000-0000-000000000009'),
('B2000001-0000-0000-0000-000000000010', 'Borg El Arab Airport',                  'HBE', 'HBE', 'HEBA', 'medium_airport', 30.9177,   29.6964, 177, 'A1000001-0000-0000-0000-000000000010');

-- ============================================================
-- 4. AIRLINES  (PK = AirlineId)
-- ============================================================
INSERT INTO Airlines (AirlineId, Name, IataCode, IcaoCode, Callsign, HotlineNumber) VALUES
('C3000001-0000-0000-0000-000000000001', 'Emirates',          'EK', 'UAE', 'EMIRATES',    '+97142245555'),
('C3000001-0000-0000-0000-000000000002', 'British Airways',   'BA', 'BAW', 'SPEEDBIRD',   '+442087385050'),
('C3000001-0000-0000-0000-000000000003', 'Lufthansa',         'LH', 'DLH', 'LUFTHANSA',   '+496986799799'),
('C3000001-0000-0000-0000-000000000004', 'Delta Air Lines',   'DL', 'DAL', 'DELTA',       '+18002211212'),
('C3000001-0000-0000-0000-000000000005', 'EgyptAir',          'MS', 'MSR', 'EGYPTAIR',    '+20223922222'),
('C3000001-0000-0000-0000-000000000006', 'United Airlines',   'UA', 'UAL', 'UNITED',      '+18002416522'),
('C3000001-0000-0000-0000-000000000007', 'flydubai',          'FZ', 'FDB', 'FLYDUBAI',    '+97126008888'),
('C3000001-0000-0000-0000-000000000008', 'Air Arabia',        'G9', 'ABY', 'ARABIA',      '+97126118000'),
('C3000001-0000-0000-0000-000000000009', 'Etihad Airways',    'EY', 'ETD', 'ETIHAD',      '+97125990000'),
('C3000001-0000-0000-0000-000000000010', 'American Airlines', 'AA', 'AAL', 'AMERICAN',    '+18004337300');

-- ============================================================
-- 5. AIRPLANES  (30 rows, FK = AirlineId)
--    CabinClass stored as JSON string: Economy = 0 (enum int)
--    CabinClasses column is JSON array of enum ints
--    Status: Active
-- ============================================================
-- Helper: 3 planes per airline (10 airlines × 3 = 30)

INSERT INTO Airplanes (AirplaneId, PlaneId, Model, ManufactureCompany, ManufactureDate, StartDate, EndDate, Seats, EngineType, Registration, Icao24, SerialNumber, CabinClasses, OwnerCompany, Status, AirlineId) VALUES
-- Emirates (C3...001) – 3 planes
('D4000001-0000-0000-0000-000000000001','EK-A380-001','Airbus A380-800', 'Airbus','2018-03-15','2018-06-01',NULL,555,'Turbofan','A6-EVA','896400','MSN221','[0,1,2]','Emirates','Active','C3000001-0000-0000-0000-000000000001'),
('D4000001-0000-0000-0000-000000000002','EK-B777-001','Boeing 777-300ER','Boeing', '2016-07-20','2016-10-01',NULL,396,'Turbofan','A6-EGE','896405','35598', '[0,1,2]','Emirates','Active','C3000001-0000-0000-0000-000000000001'),
('D4000001-0000-0000-0000-000000000003','EK-B777-002','Boeing 777-300ER','Boeing', '2019-01-10','2019-04-01',NULL,396,'Turbofan','A6-ENL','896410','43262', '[0,1,2]','Emirates','Active','C3000001-0000-0000-0000-000000000001'),
-- British Airways (C3...002) – 3 planes
('D4000001-0000-0000-0000-000000000004','BA-A350-001','Airbus A350-1000','Airbus','2020-05-01','2020-08-01',NULL,369,'Turbofan','G-XWBA','406910','MSN359','[0,1,2]','British Airways','Active','C3000001-0000-0000-0000-000000000002'),
('D4000001-0000-0000-0000-000000000005','BA-B787-001','Boeing 787-9',   'Boeing','2017-09-14','2017-12-01',NULL,216,'Turbofan','G-ZBKA','406915','38609', '[0,1,2]','British Airways','Active','C3000001-0000-0000-0000-000000000002'),
('D4000001-0000-0000-0000-000000000006','BA-A320-001','Airbus A320-200','Airbus','2015-02-20','2015-05-01',NULL,180,'Turbofan','G-EUUA','406920','MSN6021','[0]',  'British Airways','Active','C3000001-0000-0000-0000-000000000002'),
-- Lufthansa (C3...003) – 3 planes
('D4000001-0000-0000-0000-000000000007','LH-A350-001','Airbus A350-900','Airbus','2018-11-30','2019-02-01',NULL,293,'Turbofan','D-AIXA','3C65C8','MSN234','[0,1,2]','Lufthansa','Active','C3000001-0000-0000-0000-000000000003'),
('D4000001-0000-0000-0000-000000000008','LH-B747-001','Boeing 747-8',   'Boeing','2014-06-01','2014-09-01',NULL,364,'Turbofan','D-ABYA','3C6599','37829', '[0,1,2]','Lufthansa','Active','C3000001-0000-0000-0000-000000000003'),
('D4000001-0000-0000-0000-000000000009','LH-A321-001','Airbus A321-200','Airbus','2016-04-05','2016-07-01',NULL,200,'Turbofan','D-AIDQ','3C65A0','MSN7401','[0,1]','Lufthansa','Active','C3000001-0000-0000-0000-000000000003'),
-- Delta (C3...004) – 3 planes
('D4000001-0000-0000-0000-000000000010','DL-A330-001','Airbus A330-900','Airbus','2021-03-10','2021-06-01',NULL,281,'Turbofan','N401DZ','A37E26','MSN1843','[0,1,2]','Delta Air Lines','Active','C3000001-0000-0000-0000-000000000004'),
('D4000001-0000-0000-0000-000000000011','DL-B767-001','Boeing 767-400', 'Boeing','2015-08-20','2015-11-01',NULL,238,'Turbofan','N830MH','A37E30','34376', '[0,1,2]','Delta Air Lines','Active','C3000001-0000-0000-0000-000000000004'),
('D4000001-0000-0000-0000-000000000012','DL-B737-001','Boeing 737-900','Boeing', '2019-07-14','2019-10-01',NULL,178,'Turbofan','N910DN','A37E35','44150', '[0]',  'Delta Air Lines','Active','C3000001-0000-0000-0000-000000000004'),
-- EgyptAir (C3...005) – 3 planes
('D4000001-0000-0000-0000-000000000013','MS-B787-001','Boeing 787-9',   'Boeing','2017-04-10','2017-07-01',NULL,261,'Turbofan','SU-GER','010201','38572', '[0,1,2]','EgyptAir','Active','C3000001-0000-0000-0000-000000000005'),
('D4000001-0000-0000-0000-000000000014','MS-B737-001','Boeing 737-800','Boeing', '2014-11-01','2015-01-01',NULL,162,'Turbofan','SU-GEA','010202','33026', '[0,1]','EgyptAir','Active','C3000001-0000-0000-0000-000000000005'),
('D4000001-0000-0000-0000-000000000015','MS-A220-001','Airbus A220-300','Airbus','2022-06-01','2022-09-01',NULL,145,'Turbofan','SU-GFZ','010203','MSN55216','[0]','EgyptAir','Active','C3000001-0000-0000-0000-000000000005'),
-- United Airlines (C3...006) – 3 planes
('D4000001-0000-0000-0000-000000000016','UA-B787-001','Boeing 787-10',  'Boeing','2020-02-15','2020-05-01',NULL,318,'Turbofan','N13954','AB1234','40899', '[0,1,2]','United Airlines','Active','C3000001-0000-0000-0000-000000000006'),
('D4000001-0000-0000-0000-000000000017','UA-B777-001','Boeing 777-200ER','Boeing','2013-09-01','2014-01-01',NULL,364,'Turbofan','N218UA','AB1235','28709', '[0,1,2]','United Airlines','Active','C3000001-0000-0000-0000-000000000006'),
('D4000001-0000-0000-0000-000000000018','UA-A320-001','Airbus A320-200','Airbus','2016-01-20','2016-04-01',NULL,166,'Turbofan','N471UA','AB1236','MSN6840','[0]','United Airlines','Active','C3000001-0000-0000-0000-000000000006'),
-- flydubai (C3...007) – 3 planes
('D4000001-0000-0000-0000-000000000019','FZ-B737-001','Boeing 737 MAX 8','Boeing','2021-01-15','2021-04-01',NULL,174,'Turbofan','A6-FMA','895600','43399', '[0,1]','flydubai','Active','C3000001-0000-0000-0000-000000000007'),
('D4000001-0000-0000-0000-000000000020','FZ-B737-002','Boeing 737 MAX 8','Boeing','2022-03-10','2022-06-01',NULL,174,'Turbofan','A6-FMB','895601','43400', '[0,1]','flydubai','Active','C3000001-0000-0000-0000-000000000007'),
('D4000001-0000-0000-0000-000000000021','FZ-B737-003','Boeing 737 MAX 9','Boeing','2023-07-01','2023-10-01',NULL,193,'Turbofan','A6-FMC','895602','65816', '[0,1]','flydubai','Active','C3000001-0000-0000-0000-000000000007'),
-- Air Arabia (C3...008) – 3 planes
('D4000001-0000-0000-0000-000000000022','G9-A320-001','Airbus A320-200','Airbus','2014-03-01','2014-06-01',NULL,168,'Turbofan','A6-ANA','896100','MSN6100','[0]','Air Arabia','Active','C3000001-0000-0000-0000-000000000008'),
('D4000001-0000-0000-0000-000000000023','G9-A320-002','Airbus A320-200','Airbus','2015-08-01','2015-11-01',NULL,168,'Turbofan','A6-ANB','896101','MSN6102','[0]','Air Arabia','Active','C3000001-0000-0000-0000-000000000008'),
('D4000001-0000-0000-0000-000000000024','G9-A321-001','Airbus A321neo','Airbus', '2022-01-10','2022-04-01',NULL,214,'Turbofan','A6-ANC','896102','MSN10211','[0]','Air Arabia','Active','C3000001-0000-0000-0000-000000000008'),
-- Etihad (C3...009) – 3 planes
('D4000001-0000-0000-0000-000000000025','EY-A380-001','Airbus A380-800','Airbus','2014-12-01','2015-03-01',NULL,496,'Turbofan','A6-APC','895800','MSN173','[0,1,2]','Etihad Airways','Active','C3000001-0000-0000-0000-000000000009'),
('D4000001-0000-0000-0000-000000000026','EY-B787-001','Boeing 787-9',   'Boeing','2019-09-01','2019-12-01',NULL,294,'Turbofan','A6-BLI','895801','38087', '[0,1,2]','Etihad Airways','Active','C3000001-0000-0000-0000-000000000009'),
('D4000001-0000-0000-0000-000000000027','EY-A350-001','Airbus A350-1000','Airbus','2022-11-15','2023-02-01',NULL,327,'Turbofan','A6-XWB','895802','MSN409','[0,1,2]','Etihad Airways','Active','C3000001-0000-0000-0000-000000000009'),
-- American Airlines (C3...010) – 3 planes
('D4000001-0000-0000-0000-000000000028','AA-B777-001','Boeing 777-300ER','Boeing','2018-06-15','2018-09-01',NULL,304,'Turbofan','N718AN','A0F2B6','42239', '[0,1,2]','American Airlines','Active','C3000001-0000-0000-0000-000000000010'),
('D4000001-0000-0000-0000-000000000029','AA-B787-001','Boeing 787-9',   'Boeing','2021-07-01','2021-10-01',NULL,285,'Turbofan','N821AN','A0F2B7','42974', '[0,1,2]','American Airlines','Active','C3000001-0000-0000-0000-000000000010'),
('D4000001-0000-0000-0000-000000000030','AA-A319-001','Airbus A319-100','Airbus','2012-02-20','2012-05-01',NULL,128,'Turbofan','N751AA','A0F2B8','MSN5060','[0]','American Airlines','Active','C3000001-0000-0000-0000-000000000010');

-- ============================================================
-- 6. FLIGHTS  (50 rows, all departing 2026-05-02)
--    TripId = NULL (standalone flights)
--    Routes spread across airports
-- ============================================================
INSERT INTO Flights (FlightId, FlightNumber, DepartureTime, ArrivalTime, AirlineId, AirplaneId, DepartureAirportId, ArrivalAirportId, RedirectURL, TripId) VALUES
-- DXB → LHR
('E5000001-0000-0000-0000-000000000001','EK001','2026-05-02 08:00:00','2026-05-02 13:30:00','C3000001-0000-0000-0000-000000000001','D4000001-0000-0000-0000-000000000001','B2000001-0000-0000-0000-000000000005','B2000001-0000-0000-0000-000000000003','https://skyscan.io/flights/EK001',NULL),
-- DXB → JFK
('E5000001-0000-0000-0000-000000000002','EK002','2026-05-02 02:00:00','2026-05-02 09:30:00','C3000001-0000-0000-0000-000000000001','D4000001-0000-0000-0000-000000000002','B2000001-0000-0000-0000-000000000005','B2000001-0000-0000-0000-000000000001','https://skyscan.io/flights/EK002',NULL),
-- DXB → BER
('E5000001-0000-0000-0000-000000000003','EK003','2026-05-02 10:00:00','2026-05-02 14:30:00','C3000001-0000-0000-0000-000000000001','D4000001-0000-0000-0000-000000000003','B2000001-0000-0000-0000-000000000005','B2000001-0000-0000-0000-000000000007','https://skyscan.io/flights/EK003',NULL),
-- LHR → DXB
('E5000001-0000-0000-0000-000000000004','BA100','2026-05-02 09:00:00','2026-05-02 19:30:00','C3000001-0000-0000-0000-000000000002','D4000001-0000-0000-0000-000000000004','B2000001-0000-0000-0000-000000000003','B2000001-0000-0000-0000-000000000005','https://skyscan.io/flights/BA100',NULL),
-- LHR → JFK
('E5000001-0000-0000-0000-000000000005','BA101','2026-05-02 11:30:00','2026-05-02 14:00:00','C3000001-0000-0000-0000-000000000002','D4000001-0000-0000-0000-000000000005','B2000001-0000-0000-0000-000000000003','B2000001-0000-0000-0000-000000000001','https://skyscan.io/flights/BA101',NULL),
-- LHR → FRA
('E5000001-0000-0000-0000-000000000006','BA102','2026-05-02 07:00:00','2026-05-02 09:45:00','C3000001-0000-0000-0000-000000000002','D4000001-0000-0000-0000-000000000006','B2000001-0000-0000-0000-000000000003','B2000001-0000-0000-0000-000000000008','https://skyscan.io/flights/BA102',NULL),
-- FRA → LHR
('E5000001-0000-0000-0000-000000000007','LH200','2026-05-02 06:00:00','2026-05-02 07:00:00','C3000001-0000-0000-0000-000000000003','D4000001-0000-0000-0000-000000000007','B2000001-0000-0000-0000-000000000008','B2000001-0000-0000-0000-000000000003','https://skyscan.io/flights/LH200',NULL),
-- FRA → JFK
('E5000001-0000-0000-0000-000000000008','LH201','2026-05-02 10:00:00','2026-05-02 13:00:00','C3000001-0000-0000-0000-000000000003','D4000001-0000-0000-0000-000000000008','B2000001-0000-0000-0000-000000000008','B2000001-0000-0000-0000-000000000001','https://skyscan.io/flights/LH201',NULL),
-- FRA → DXB
('E5000001-0000-0000-0000-000000000009','LH202','2026-05-02 14:00:00','2026-05-02 21:30:00','C3000001-0000-0000-0000-000000000003','D4000001-0000-0000-0000-000000000009','B2000001-0000-0000-0000-000000000008','B2000001-0000-0000-0000-000000000005','https://skyscan.io/flights/LH202',NULL),
-- JFK → LAX
('E5000001-0000-0000-0000-000000000010','DL300','2026-05-02 08:00:00','2026-05-02 11:30:00','C3000001-0000-0000-0000-000000000004','D4000001-0000-0000-0000-000000000010','B2000001-0000-0000-0000-000000000001','B2000001-0000-0000-0000-000000000002','https://skyscan.io/flights/DL300',NULL),
-- JFK → LHR
('E5000001-0000-0000-0000-000000000011','DL301','2026-05-02 22:00:00','2026-05-03 10:00:00','C3000001-0000-0000-0000-000000000004','D4000001-0000-0000-0000-000000000011','B2000001-0000-0000-0000-000000000001','B2000001-0000-0000-0000-000000000003','https://skyscan.io/flights/DL301',NULL),
-- LAX → JFK
('E5000001-0000-0000-0000-000000000012','DL302','2026-05-02 06:00:00','2026-05-02 14:30:00','C3000001-0000-0000-0000-000000000004','D4000001-0000-0000-0000-000000000012','B2000001-0000-0000-0000-000000000002','B2000001-0000-0000-0000-000000000001','https://skyscan.io/flights/DL302',NULL),
-- CAI → DXB
('E5000001-0000-0000-0000-000000000013','MS400','2026-05-02 07:30:00','2026-05-02 11:00:00','C3000001-0000-0000-0000-000000000005','D4000001-0000-0000-0000-000000000013','B2000001-0000-0000-0000-000000000009','B2000001-0000-0000-0000-000000000005','https://skyscan.io/flights/MS400',NULL),
-- CAI → LHR
('E5000001-0000-0000-0000-000000000014','MS401','2026-05-02 09:00:00','2026-05-02 13:00:00','C3000001-0000-0000-0000-000000000005','D4000001-0000-0000-0000-000000000014','B2000001-0000-0000-0000-000000000009','B2000001-0000-0000-0000-000000000003','https://skyscan.io/flights/MS401',NULL),
-- CAI → FRA
('E5000001-0000-0000-0000-000000000015','MS402','2026-05-02 11:00:00','2026-05-02 14:30:00','C3000001-0000-0000-0000-000000000005','D4000001-0000-0000-0000-000000000015','B2000001-0000-0000-0000-000000000009','B2000001-0000-0000-0000-000000000008','https://skyscan.io/flights/MS402',NULL),
-- JFK → FRA
('E5000001-0000-0000-0000-000000000016','UA500','2026-05-02 18:00:00','2026-05-03 07:30:00','C3000001-0000-0000-0000-000000000006','D4000001-0000-0000-0000-000000000016','B2000001-0000-0000-0000-000000000001','B2000001-0000-0000-0000-000000000008','https://skyscan.io/flights/UA500',NULL),
-- LAX → LHR
('E5000001-0000-0000-0000-000000000017','UA501','2026-05-02 16:00:00','2026-05-03 10:00:00','C3000001-0000-0000-0000-000000000006','D4000001-0000-0000-0000-000000000017','B2000001-0000-0000-0000-000000000002','B2000001-0000-0000-0000-000000000003','https://skyscan.io/flights/UA501',NULL),
-- LAX → FRA
('E5000001-0000-0000-0000-000000000018','UA502','2026-05-02 14:00:00','2026-05-03 09:00:00','C3000001-0000-0000-0000-000000000006','D4000001-0000-0000-0000-000000000018','B2000001-0000-0000-0000-000000000002','B2000001-0000-0000-0000-000000000008','https://skyscan.io/flights/UA502',NULL),
-- DXB → CAI
('E5000001-0000-0000-0000-000000000019','FZ600','2026-05-02 08:30:00','2026-05-02 10:30:00','C3000001-0000-0000-0000-000000000007','D4000001-0000-0000-0000-000000000019','B2000001-0000-0000-0000-000000000005','B2000001-0000-0000-0000-000000000009','https://skyscan.io/flights/FZ600',NULL),
-- DXB → MAN
('E5000001-0000-0000-0000-000000000020','FZ601','2026-05-02 13:00:00','2026-05-02 18:00:00','C3000001-0000-0000-0000-000000000007','D4000001-0000-0000-0000-000000000020','B2000001-0000-0000-0000-000000000005','B2000001-0000-0000-0000-000000000004','https://skyscan.io/flights/FZ601',NULL),
-- DXB → BER
('E5000001-0000-0000-0000-000000000021','FZ602','2026-05-02 16:00:00','2026-05-02 20:00:00','C3000001-0000-0000-0000-000000000007','D4000001-0000-0000-0000-000000000021','B2000001-0000-0000-0000-000000000005','B2000001-0000-0000-0000-000000000007','https://skyscan.io/flights/FZ602',NULL),
-- AUH → CAI
('E5000001-0000-0000-0000-000000000022','G9700','2026-05-02 07:00:00','2026-05-02 09:30:00','C3000001-0000-0000-0000-000000000008','D4000001-0000-0000-0000-000000000022','B2000001-0000-0000-0000-000000000006','B2000001-0000-0000-0000-000000000009','https://skyscan.io/flights/G9700',NULL),
-- AUH → MAN
('E5000001-0000-0000-0000-000000000023','G9701','2026-05-02 10:00:00','2026-05-02 14:30:00','C3000001-0000-0000-0000-000000000008','D4000001-0000-0000-0000-000000000023','B2000001-0000-0000-0000-000000000006','B2000001-0000-0000-0000-000000000004','https://skyscan.io/flights/G9701',NULL),
-- AUH → FRA
('E5000001-0000-0000-0000-000000000024','G9702','2026-05-02 14:00:00','2026-05-02 18:30:00','C3000001-0000-0000-0000-000000000008','D4000001-0000-0000-0000-000000000024','B2000001-0000-0000-0000-000000000006','B2000001-0000-0000-0000-000000000008','https://skyscan.io/flights/G9702',NULL),
-- AUH → LHR
('E5000001-0000-0000-0000-000000000025','EY800','2026-05-02 09:30:00','2026-05-02 14:00:00','C3000001-0000-0000-0000-000000000009','D4000001-0000-0000-0000-000000000025','B2000001-0000-0000-0000-000000000006','B2000001-0000-0000-0000-000000000003','https://skyscan.io/flights/EY800',NULL),
-- AUH → JFK
('E5000001-0000-0000-0000-000000000026','EY801','2026-05-02 01:00:00','2026-05-02 08:30:00','C3000001-0000-0000-0000-000000000009','D4000001-0000-0000-0000-000000000026','B2000001-0000-0000-0000-000000000006','B2000001-0000-0000-0000-000000000001','https://skyscan.io/flights/EY801',NULL),
-- AUH → FRA
('E5000001-0000-0000-0000-000000000027','EY802','2026-05-02 23:00:00','2026-05-03 04:00:00','C3000001-0000-0000-0000-000000000009','D4000001-0000-0000-0000-000000000027','B2000001-0000-0000-0000-000000000006','B2000001-0000-0000-0000-000000000008','https://skyscan.io/flights/EY802',NULL),
-- JFK → DXB
('E5000001-0000-0000-0000-000000000028','AA900','2026-05-02 22:30:00','2026-05-03 19:30:00','C3000001-0000-0000-0000-000000000010','D4000001-0000-0000-0000-000000000028','B2000001-0000-0000-0000-000000000001','B2000001-0000-0000-0000-000000000005','https://skyscan.io/flights/AA900',NULL),
-- LAX → DXB
('E5000001-0000-0000-0000-000000000029','AA901','2026-05-02 20:00:00','2026-05-03 19:00:00','C3000001-0000-0000-0000-000000000010','D4000001-0000-0000-0000-000000000029','B2000001-0000-0000-0000-000000000002','B2000001-0000-0000-0000-000000000005','https://skyscan.io/flights/AA901',NULL),
-- LAX → MAN
('E5000001-0000-0000-0000-000000000030','AA902','2026-05-02 12:00:00','2026-05-03 06:30:00','C3000001-0000-0000-0000-000000000010','D4000001-0000-0000-0000-000000000030','B2000001-0000-0000-0000-000000000002','B2000001-0000-0000-0000-000000000004','https://skyscan.io/flights/AA902',NULL),
-- Additional 20 flights to reach 50
-- LHR → BER
('E5000001-0000-0000-0000-000000000031','BA103','2026-05-02 06:30:00','2026-05-02 09:30:00','C3000001-0000-0000-0000-000000000002','D4000001-0000-0000-0000-000000000006','B2000001-0000-0000-0000-000000000003','B2000001-0000-0000-0000-000000000007','https://skyscan.io/flights/BA103',NULL),
-- LHR → CAI
('E5000001-0000-0000-0000-000000000032','BA104','2026-05-02 13:00:00','2026-05-02 19:00:00','C3000001-0000-0000-0000-000000000002','D4000001-0000-0000-0000-000000000004','B2000001-0000-0000-0000-000000000003','B2000001-0000-0000-0000-000000000009','https://skyscan.io/flights/BA104',NULL),
-- BER → DXB
('E5000001-0000-0000-0000-000000000033','LH203','2026-05-02 18:00:00','2026-05-03 00:30:00','C3000001-0000-0000-0000-000000000003','D4000001-0000-0000-0000-000000000007','B2000001-0000-0000-0000-000000000007','B2000001-0000-0000-0000-000000000005','https://skyscan.io/flights/LH203',NULL),
-- BER → CAI
('E5000001-0000-0000-0000-000000000034','LH204','2026-05-02 07:00:00','2026-05-02 11:30:00','C3000001-0000-0000-0000-000000000003','D4000001-0000-0000-0000-000000000008','B2000001-0000-0000-0000-000000000007','B2000001-0000-0000-0000-000000000009','https://skyscan.io/flights/LH204',NULL),
-- CAI → JFK
('E5000001-0000-0000-0000-000000000035','MS403','2026-05-02 23:30:00','2026-05-03 06:00:00','C3000001-0000-0000-0000-000000000005','D4000001-0000-0000-0000-000000000013','B2000001-0000-0000-0000-000000000009','B2000001-0000-0000-0000-000000000001','https://skyscan.io/flights/MS403',NULL),
-- CAI → BER
('E5000001-0000-0000-0000-000000000036','MS404','2026-05-02 15:00:00','2026-05-02 19:00:00','C3000001-0000-0000-0000-000000000005','D4000001-0000-0000-0000-000000000014','B2000001-0000-0000-0000-000000000009','B2000001-0000-0000-0000-000000000007','https://skyscan.io/flights/MS404',NULL),
-- MAN → DXB
('E5000001-0000-0000-0000-000000000037','FZ603','2026-05-02 11:00:00','2026-05-02 21:30:00','C3000001-0000-0000-0000-000000000007','D4000001-0000-0000-0000-000000000019','B2000001-0000-0000-0000-000000000004','B2000001-0000-0000-0000-000000000005','https://skyscan.io/flights/FZ603',NULL),
-- MAN → AUH
('E5000001-0000-0000-0000-000000000038','G9703','2026-05-02 08:00:00','2026-05-02 19:00:00','C3000001-0000-0000-0000-000000000008','D4000001-0000-0000-0000-000000000022','B2000001-0000-0000-0000-000000000004','B2000001-0000-0000-0000-000000000006','https://skyscan.io/flights/G9703',NULL),
-- FRA → BER
('E5000001-0000-0000-0000-000000000039','LH205','2026-05-02 09:00:00','2026-05-02 10:00:00','C3000001-0000-0000-0000-000000000003','D4000001-0000-0000-0000-000000000009','B2000001-0000-0000-0000-000000000008','B2000001-0000-0000-0000-000000000007','https://skyscan.io/flights/LH205',NULL),
-- BER → LHR
('E5000001-0000-0000-0000-000000000040','LH206','2026-05-02 17:00:00','2026-05-02 18:00:00','C3000001-0000-0000-0000-000000000003','D4000001-0000-0000-0000-000000000007','B2000001-0000-0000-0000-000000000007','B2000001-0000-0000-0000-000000000003','https://skyscan.io/flights/LH206',NULL),
-- JFK → CAI
('E5000001-0000-0000-0000-000000000041','DL303','2026-05-02 00:30:00','2026-05-02 18:30:00','C3000001-0000-0000-0000-000000000004','D4000001-0000-0000-0000-000000000010','B2000001-0000-0000-0000-000000000001','B2000001-0000-0000-0000-000000000009','https://skyscan.io/flights/DL303',NULL),
-- JFK → MAN
('E5000001-0000-0000-0000-000000000042','DL304','2026-05-02 20:00:00','2026-05-03 08:00:00','C3000001-0000-0000-0000-000000000004','D4000001-0000-0000-0000-000000000011','B2000001-0000-0000-0000-000000000001','B2000001-0000-0000-0000-000000000004','https://skyscan.io/flights/DL304',NULL),
-- AUH → BER
('E5000001-0000-0000-0000-000000000043','EY803','2026-05-02 12:00:00','2026-05-02 17:00:00','C3000001-0000-0000-0000-000000000009','D4000001-0000-0000-0000-000000000025','B2000001-0000-0000-0000-000000000006','B2000001-0000-0000-0000-000000000007','https://skyscan.io/flights/EY803',NULL),
-- AUH → CAI
('E5000001-0000-0000-0000-000000000044','EY804','2026-05-02 06:00:00','2026-05-02 08:00:00','C3000001-0000-0000-0000-000000000009','D4000001-0000-0000-0000-000000000026','B2000001-0000-0000-0000-000000000006','B2000001-0000-0000-0000-000000000009','https://skyscan.io/flights/EY804',NULL),
-- DXB → FRA
('E5000001-0000-0000-0000-000000000045','EK004','2026-05-02 22:00:00','2026-05-03 02:00:00','C3000001-0000-0000-0000-000000000001','D4000001-0000-0000-0000-000000000001','B2000001-0000-0000-0000-000000000005','B2000001-0000-0000-0000-000000000008','https://skyscan.io/flights/EK004',NULL),
-- LAX → BER
('E5000001-0000-0000-0000-000000000046','UA503','2026-05-02 08:00:00','2026-05-03 05:30:00','C3000001-0000-0000-0000-000000000006','D4000001-0000-0000-0000-000000000016','B2000001-0000-0000-0000-000000000002','B2000001-0000-0000-0000-000000000007','https://skyscan.io/flights/UA503',NULL),
-- HBE → DXB
('E5000001-0000-0000-0000-000000000047','MS405','2026-05-02 14:00:00','2026-05-02 17:30:00','C3000001-0000-0000-0000-000000000005','D4000001-0000-0000-0000-000000000015','B2000001-0000-0000-0000-000000000010','B2000001-0000-0000-0000-000000000005','https://skyscan.io/flights/MS405',NULL),
-- HBE → LHR
('E5000001-0000-0000-0000-000000000048','MS406','2026-05-02 19:00:00','2026-05-02 23:30:00','C3000001-0000-0000-0000-000000000005','D4000001-0000-0000-0000-000000000013','B2000001-0000-0000-0000-000000000010','B2000001-0000-0000-0000-000000000003','https://skyscan.io/flights/MS406',NULL),
-- FRA → AUH
('E5000001-0000-0000-0000-000000000049','LH207','2026-05-02 21:00:00','2026-05-03 05:30:00','C3000001-0000-0000-0000-000000000003','D4000001-0000-0000-0000-000000000009','B2000001-0000-0000-0000-000000000008','B2000001-0000-0000-0000-000000000006','https://skyscan.io/flights/LH207',NULL),
-- MAN → CAI
('E5000001-0000-0000-0000-000000000050','BA105','2026-05-02 16:00:00','2026-05-02 22:30:00','C3000001-0000-0000-0000-000000000002','D4000001-0000-0000-0000-000000000005','B2000001-0000-0000-0000-000000000004','B2000001-0000-0000-0000-000000000009','https://skyscan.io/flights/BA105',NULL);

-- ============================================================
-- 7. TICKETS  (50 Economy tickets, 1 per flight)
--    CabinClass: 0 = Economy
--    Price varies by route realistically
-- ============================================================
INSERT INTO Tickets (TicketId, FlightId, CabinClass, Price, HasFood, HasWifi, HasEntertainment, LuggageWeight, LuggageDescription) VALUES
('F6000001-0000-0000-0000-000000000001','E5000001-0000-0000-0000-000000000001',0, 650.00, 1,1,1, 23.0,'1 x 23kg checked bag + 7kg carry-on'),
('F6000001-0000-0000-0000-000000000002','E5000001-0000-0000-0000-000000000002',0,1100.00, 1,1,1, 23.0,'1 x 23kg checked bag + 7kg carry-on'),
('F6000001-0000-0000-0000-000000000003','E5000001-0000-0000-0000-000000000003',0, 480.00, 1,1,1, 23.0,'1 x 23kg checked bag + 7kg carry-on'),
('F6000001-0000-0000-0000-000000000004','E5000001-0000-0000-0000-000000000004',0, 670.00, 1,1,1, 23.0,'1 x 23kg checked bag + 7kg carry-on'),
('F6000001-0000-0000-0000-000000000005','E5000001-0000-0000-0000-000000000005',0, 530.00, 1,1,1, 23.0,'1 x 23kg checked bag + 7kg carry-on'),
('F6000001-0000-0000-0000-000000000006','E5000001-0000-0000-0000-000000000006',0, 210.00, 1,0,1,  0.0,'Cabin bag only'),
('F6000001-0000-0000-0000-000000000007','E5000001-0000-0000-0000-000000000007',0, 195.00, 1,0,1,  0.0,'Cabin bag only'),
('F6000001-0000-0000-0000-000000000008','E5000001-0000-0000-0000-000000000008',0, 880.00, 1,1,1, 23.0,'1 x 23kg checked bag'),
('F6000001-0000-0000-0000-000000000009','E5000001-0000-0000-0000-000000000009',0, 520.00, 1,1,1, 23.0,'1 x 23kg checked bag'),
('F6000001-0000-0000-0000-000000000010','E5000001-0000-0000-0000-000000000010',0, 320.00, 0,1,1, 23.0,'1 x 23kg checked bag'),
('F6000001-0000-0000-0000-000000000011','E5000001-0000-0000-0000-000000000011',0, 760.00, 1,1,1, 23.0,'1 x 23kg checked bag'),
('F6000001-0000-0000-0000-000000000012','E5000001-0000-0000-0000-000000000012',0, 310.00, 0,1,1, 23.0,'1 x 23kg checked bag'),
('F6000001-0000-0000-0000-000000000013','E5000001-0000-0000-0000-000000000013',0, 290.00, 1,0,0, 20.0,'1 x 20kg checked bag'),
('F6000001-0000-0000-0000-000000000014','E5000001-0000-0000-0000-000000000014',0, 440.00, 1,0,1, 20.0,'1 x 20kg checked bag'),
('F6000001-0000-0000-0000-000000000015','E5000001-0000-0000-0000-000000000015',0, 380.00, 1,0,0, 20.0,'1 x 20kg checked bag'),
('F6000001-0000-0000-0000-000000000016','E5000001-0000-0000-0000-000000000016',0, 870.00, 1,1,1, 23.0,'1 x 23kg checked bag'),
('F6000001-0000-0000-0000-000000000017','E5000001-0000-0000-0000-000000000017',0, 820.00, 1,1,1, 23.0,'1 x 23kg checked bag'),
('F6000001-0000-0000-0000-000000000018','E5000001-0000-0000-0000-000000000018',0, 790.00, 1,1,1, 23.0,'1 x 23kg checked bag'),
('F6000001-0000-0000-0000-000000000019','E5000001-0000-0000-0000-000000000019',0, 180.00, 0,0,0,  0.0,'Cabin bag only'),
('F6000001-0000-0000-0000-000000000020','E5000001-0000-0000-0000-000000000020',0, 420.00, 1,0,1, 20.0,'1 x 20kg checked bag'),
('F6000001-0000-0000-0000-000000000021','E5000001-0000-0000-0000-000000000021',0, 410.00, 1,0,1, 20.0,'1 x 20kg checked bag'),
('F6000001-0000-0000-0000-000000000022','E5000001-0000-0000-0000-000000000022',0, 160.00, 0,0,0,  0.0,'Cabin bag only'),
('F6000001-0000-0000-0000-000000000023','E5000001-0000-0000-0000-000000000023',0, 390.00, 1,0,0, 20.0,'1 x 20kg checked bag'),
('F6000001-0000-0000-0000-000000000024','E5000001-0000-0000-0000-000000000024',0, 430.00, 1,0,1, 20.0,'1 x 20kg checked bag'),
('F6000001-0000-0000-0000-000000000025','E5000001-0000-0000-0000-000000000025',0, 610.00, 1,1,1, 23.0,'1 x 23kg checked bag'),
('F6000001-0000-0000-0000-000000000026','E5000001-0000-0000-0000-000000000026',0,1050.00, 1,1,1, 23.0,'1 x 23kg checked bag'),
('F6000001-0000-0000-0000-000000000027','E5000001-0000-0000-0000-000000000027',0, 490.00, 1,1,1, 23.0,'1 x 23kg checked bag'),
('F6000001-0000-0000-0000-000000000028','E5000001-0000-0000-0000-000000000028',0,1200.00, 1,1,1, 23.0,'1 x 23kg checked bag'),
('F6000001-0000-0000-0000-000000000029','E5000001-0000-0000-0000-000000000029',0,1150.00, 1,1,1, 23.0,'1 x 23kg checked bag'),
('F6000001-0000-0000-0000-000000000030','E5000001-0000-0000-0000-000000000030',0, 840.00, 1,1,1, 23.0,'1 x 23kg checked bag'),
('F6000001-0000-0000-0000-000000000031','E5000001-0000-0000-0000-000000000031',0, 220.00, 1,0,1,  0.0,'Cabin bag only'),
('F6000001-0000-0000-0000-000000000032','E5000001-0000-0000-0000-000000000032',0, 460.00, 1,0,1, 20.0,'1 x 20kg checked bag'),
('F6000001-0000-0000-0000-000000000033','E5000001-0000-0000-0000-000000000033',0, 510.00, 1,1,1, 23.0,'1 x 23kg checked bag'),
('F6000001-0000-0000-0000-000000000034','E5000001-0000-0000-0000-000000000034',0, 370.00, 1,0,0, 20.0,'1 x 20kg checked bag'),
('F6000001-0000-0000-0000-000000000035','E5000001-0000-0000-0000-000000000035',0, 950.00, 1,1,1, 23.0,'1 x 23kg checked bag'),
('F6000001-0000-0000-0000-000000000036','E5000001-0000-0000-0000-000000000036',0, 360.00, 1,0,0, 20.0,'1 x 20kg checked bag'),
('F6000001-0000-0000-0000-000000000037','E5000001-0000-0000-0000-000000000037',0, 400.00, 1,0,1, 20.0,'1 x 20kg checked bag'),
('F6000001-0000-0000-0000-000000000038','E5000001-0000-0000-0000-000000000038',0, 450.00, 1,0,0, 20.0,'1 x 20kg checked bag'),
('F6000001-0000-0000-0000-000000000039','E5000001-0000-0000-0000-000000000039',0, 170.00, 0,0,0,  0.0,'Cabin bag only'),
('F6000001-0000-0000-0000-000000000040','E5000001-0000-0000-0000-000000000040',0, 185.00, 0,0,0,  0.0,'Cabin bag only'),
('F6000001-0000-0000-0000-000000000041','E5000001-0000-0000-0000-000000000041',0,1010.00, 1,1,1, 23.0,'1 x 23kg checked bag'),
('F6000001-0000-0000-0000-000000000042','E5000001-0000-0000-0000-000000000042',0, 810.00, 1,1,1, 23.0,'1 x 23kg checked bag'),
('F6000001-0000-0000-0000-000000000043','E5000001-0000-0000-0000-000000000043',0, 470.00, 1,1,1, 23.0,'1 x 23kg checked bag'),
('F6000001-0000-0000-0000-000000000044','E5000001-0000-0000-0000-000000000044',0, 175.00, 0,0,0,  0.0,'Cabin bag only'),
('F6000001-0000-0000-0000-000000000045','E5000001-0000-0000-0000-000000000045',0, 500.00, 1,1,1, 23.0,'1 x 23kg checked bag'),
('F6000001-0000-0000-0000-000000000046','E5000001-0000-0000-0000-000000000046',0, 860.00, 1,1,1, 23.0,'1 x 23kg checked bag'),
('F6000001-0000-0000-0000-000000000047','E5000001-0000-0000-0000-000000000047',0, 270.00, 1,0,0, 20.0,'1 x 20kg checked bag'),
('F6000001-0000-0000-0000-000000000048','E5000001-0000-0000-0000-000000000048',0, 430.00, 1,0,1, 20.0,'1 x 20kg checked bag'),
('F6000001-0000-0000-0000-000000000049','E5000001-0000-0000-0000-000000000049',0, 560.00, 1,1,1, 23.0,'1 x 23kg checked bag'),
('F6000001-0000-0000-0000-000000000050','E5000001-0000-0000-0000-000000000050',0, 480.00, 1,0,1, 20.0,'1 x 20kg checked bag');

COMMIT TRANSACTION;

-- ============================================================
--  SEED SUMMARY
--  Countries  :  5
--  Cities     : 10
--  Airports   : 10
--  Airlines   : 10
--  Airplanes  : 30
--  Flights    : 50  (2026-05-02)
--  Tickets    : 50  (Economy / CabinClass = 0)
--  Users      : 10
-- ============================================================
-- NOTE: PasswordHash values above are placeholder strings.
--       Replace with real ASP.NET Identity v3 hashes before
--       using for login testing, or register users via the app
--       and update other tables to reference their real IDs.
-- ============================================================